<!--
  Copyright (c) 2017,2021 IBM Corporation and others.
  All rights reserved. This program and the accompanying materials
  are made available under the terms of the Eclipse Public License v1.0
  which accompanies this distribution, and is available at
  http://www.eclipse.org/legal/epl-v10.html

  Contributors:
      IBM Corporation - initial API and implementation
-->
<server description="CircuitBreakerSample server">
    <featureManager>
        <feature>servlet-4.0</feature>
        <feature>cdi-2.0</feature>
        <feature>mpFaultTolerance-2.1</feature>
    </featureManager>

    <httpEndpoint httpPort="${default.http.port}" httpsPort="${default.https.port}" id="defaultHttpEndpoint"  host="*" />
</server>
